{
    "variants": {
        "": [
            { "model": "block/lily_pad" },
            { "model": "block/lily_pad_normal1" },
            { "model": "block/lily_pad_normal1", "y": 90 },
            { "model": "block/lily_pad_normal1", "y": 180 },
            { "model": "block/lily_pad_normal1", "y": 270 },
            { "model": "block/lily_pad_normal2" },
            { "model": "block/lily_pad_normal2", "y": 90 },
            { "model": "block/lily_pad_normal2", "y": 180 },
            { "model": "block/lily_pad_normal2", "y": 270 },
            { "model": "block/lily_pad_normal3" },
            { "model": "block/lily_pad_normal3", "y": 90 },
            { "model": "block/lily_pad_normal3", "y": 180 },
            { "model": "block/lily_pad_normal3", "y": 270 }
        ]
    }
}
